"product_id","name","system_qty","trackByLot","non_voided_sold","voided_sold","sale_lines","with_lot","adjustments","has_recon","hint_qty","note"
"9pl2b773bl2g2g3","tshirt 220","10","False","0","0","0","0","0","False","10","no_sales_ok"
"sq23jyhsdagssd9","CREATINE","0","False","0","0","0","0","0","False","0","no_sales_ok"
"xmtxqppqk7yk4k1","Whey Core Protein","0","False","0","0","0","0","0","False","0","no_sales_ok"
"xangpj5ki5t2rwg","tshirt 250","11","False","0","0","0","0","0","False","11","no_sales_ok"
"p2dc6oro2et9zd4","GYM TOWEL","35","False","1","0","1","0","1","True","34","already_reconciled_check_if_complete"
"xjtpiz7fcpcckee","Mass Extreme Gainer","0","False","0","0","0","0","0","False","0","no_sales_ok"
"ff8rmolm9erfhed","ISO Definition","0","False","0","0","0","0","0","False","0","no_sales_ok"
"429t33pwfi328qu","tshirt 290","22","False","0","0","0","0","0","False","22","no_sales_ok"
"934ppj5avh3t9p1","pandanon 500ml","98","False","8","1","8","0","1","True","90","already_reconciled_check_if_complete"
"byd43kbrlemf3tj","pandanon 1000ml","32","False","9","0","8","0","1","True","23","already_reconciled_check_if_complete"
